<?xml version="1.0" encoding="UTF-8"?>

<project basedir="." default="deere.jar" name="deere" xmlns:sonar="antlib:org.sonar.ant">    
	<target name="deere.initclean">
		<property name="deere.lib.dir"
			value="${basedir}/livesite-core/lib" />
		<property name="deere.custom.lib.dir" 
			value="${basedir}/livesite-core/lib" />
	</target>

	<target name="deere.application.clean" depends="deere.initclean">
		<delete includeEmptyDirs="true" failonerror="false">
			<fileset dir="${basedir}/livesite-core/bin" />
		</delete>
		<delete dir="${basedir}/livesite-core/build" />
	</target>

	<target name="deere.init" depends="deere.application.clean">
		<property name="deere.lib.dir" value="${basedir}/livesite-core/lib" />
		<property name="deere.junit.flag" value="no" />
		<property environment="env" />
		<mkdir dir="${basedir}/livesite-core/bin" />
		<copy includeemptydirs="false" todir="${basedir}/livesite-core/bin">
			<fileset dir="livesite-core/src">
				<exclude name="**/*.launch" />
				<exclude name="**/*.java" />
			</fileset>
		</copy>
	</target>


	<target name="deere.compilation.init" depends="deere.init">
		<mkdir dir="${basedir}/livesite-core/build" />
	</target>


	<target name="deere.compile" depends="deere.init, deere.compilation.init">
		<javac includeantruntime="true" debug="true" fork="true" source="1.8" target="1.8"
			encoding="UTF-8" destdir="${basedir}/livesite-core/bin">
			<classpath>
				<fileset dir="${deere.lib.dir}">
					<include name="*.jar" />
					<include name="*.zip" />
				</fileset>
			</classpath>
			<classpath>
				<fileset dir="${deere.custom.lib.dir}">
					<include name="*.jar" />
					<include name="*.zip" />
				</fileset>
			</classpath>
			<src path="${basedir}/livesite-core/src" />
		</javac>
	</target>
	<target name="deere.jar">
		<jar destfile="${basedir}/livesite-core/build/deere_livesite_customer.jar">
			<fileset dir="${basedir}/livesite-core/bin">
			</fileset>
		</jar>
		<!--jar
			destfile="${basedir}/livesite_customer_out/livesite_customer.jar">
			<fileset dir="${basedir}/bin">
			</fileset>
		</jar>
		<jar
			destfile="${basedir}/../livesite_customer_toolkit/WebContent/WEB-INF/lib/livesite_customer.jar">
			<fileset dir="${basedir}/bin">
			</fileset>
		</jar-->
	</target>
	
	<target name="deere.test" depends="deere.jar">
		<junit>	
			<classpath refid="classpath.test" />
			<formatter type="brief" usefile="false" />
			<test name="TestSuit" />
		</junit>
	</target>

	<!-- =================================================== -->
	<!-- JUNIT Tags Start here -->
	<!-- =================================================== -->

</project>
